"DATA_SOURCE","TOTAL_VACCINATIONS","TOTAL_VACCINATIONS_PER100","NUMBER_VACCINES_TYPES_USED","PERSONS_BOOSTER_ADD_DOSE","PERSONS_BOOSTER_ADD_DOSE_PER100","COUNTRY","ISO3","WHO_REGION","DATE_UPDATED","PERSONS_VACCINATED_1PLUS_DOSE","PERSONS_VACCINATED_1PLUS_DOSE_PER100","PERSONS_LAST_DOSE","PERSONS_LAST_DOSE_PER100","FIRST_VACCINE_DATE"
"0",3088966.0,107.3,6,402371,14.095,"Albania","ALB","EURO",2023-09-10 00:00:00,1349255,47.264,1279333,44.815,2021-01-13 00:00:00
"0",6.6273384E7,346.687,5,15766986,82.48,"Chile","CHL","AMRO",2023-06-02 00:00:00,18106832,94.72,17716364,92.677,2020-12-21 00:00:00
"0",833210.0,15.1,4,11676822,32.38527699530517,"Congo","COG","AFRO",2022-07-31 00:00:00,695760,12.609,654119,11.854,2021-03-23 00:00:00
"0",2.5263932E7,95.776,5,3138712,11.899,"Côte d’Ivoire","CIV","AFRO",2023-02-19 00:00:00,13568372,51.438,12164304,46.115,2021-03-01 00:00:00
"0",1.4915662E7,256.2,5,3616993,61.582,"Denmark","DNK","EURO",2023-10-01 00:00:00,4746509,80.813,4711993,80.226,2020-12-16 00:00:00
"1",79738.0,140.453,1,11676822,32.38527699530517,"Greenland","GRL","EURO",2022-03-14 00:00:00,41227,72.619,38511,67.834,
"1",178525.0,276.92,3,69339,107.556,"Guernsey","GGY","EURO",2022-12-19 00:00:00,54223,84.108,52710,81.761,
"0",1.2049511E7,91.751,6,425378,3.239,"Guinea","GIN","AFRO",2023-09-24 00:00:00,8715641,66.365,5853990,44.575,2021-03-05 00:00:00
"0",920752.0,46.786,2,76359,3.88,"Guinea-Bissau","GNB","AFRO",2023-10-15 00:00:00,747057,37.96,547637,27.827,2021-04-02 00:00:00
"0",960133.0,122.069,7,77874,9.901,"Guyana","GUY","AMRO",2023-06-02 00:00:00,495285,62.969,381984,48.564,2021-02-11 00:00:00
"0",1.6570818E7,169.6,8,3868705,39.929,"Hungary","HUN","EURO",2023-10-01 00:00:00,6358690,65.628,6152042,63.495,2020-12-23 00:00:00
"0",4.09826682E8,324.034,4,86596573,68.469,"Japan","JPN","WPRO",2023-10-03 00:00:00,104707550,82.788,103388112,81.745,2021-02-17 00:00:00
"0",3167393.0,48.5,6,300818,4.608,"Kyrgyzstan","KGZ","EURO",2023-06-18 00:00:00,1528725,23.419,1337850,20.495,2021-03-31 00:00:00
"0",2616012.0,205.699,3,654507,51.464,"Mauritius","MUS","AFRO",2023-07-30 00:00:00,1123773,88.363,1088142,85.561,2021-01-26 00:00:00
"0",5668144.0,172.899,6,1058839,32.299,"Mongolia","MNG","WPRO",2023-03-17 00:00:00,2284018,69.671,2185282,66.659,2021-02-23 00:00:00
"0",1862987.0,89.4,7,161633,7.685,"North Macedonia","MKD","EURO",2023-05-07 00:00:00,854570,40.629,838181,39.85,2021-02-17 00:00:00
"0",224558.0,228.332,4,44936,45.691,"Seychelles","SYC","AFRO",2023-04-09 00:00:00,88520,90.008,83565,84.97,2021-01-10 00:00:00
"0",1589640.0,113.587,5,174836,12.493,"Trinidad and Tobago","TTO","AMRO",2023-06-02 00:00:00,754399,53.905,718969,51.374,2021-02-17 00:00:00
"0",1.677597E7,278.2,7,3816400,60.178,"Turkmenistan","TKM","EURO",2023-08-06 00:00:00,4614869,72.768,4568901,72.044,2021-02-24 00:00:00
"0",2.6406936E7,57.731,5,764664,1.672,"Uganda","UGA","AFRO",2023-05-28 00:00:00,20033189,43.797,13061126,28.555,2021-03-10 00:00:00
"0",3.1668577E7,72.4,6,741197,1.703,"Ukraine","UKR","EURO",2022-02-27 00:00:00,15774300,36.237,15153577,34.811,2021-02-24 00:00:00
"0",1287688.0,4.317,11,66565,0.223,"Yemen","YEM","EMRO",2023-09-17 00:00:00,1041596,3.492,798451,2.677,2021-04-20 00:00:00
"0",114706.0,207.812,3,24160,43.77,"American Samoa","ASM","WPRO",2023-03-29 00:00:00,46206,83.711,42479,76.959,2020-12-21 00:00:00
"0",2.0403676E7,229.2,10,5405966,60.207,"Austria","AUT","EURO",2023-07-02 00:00:00,6899873,76.953,6682372,74.423,2020-12-30 00:00:00
"0",3.62229859E8,219.947,8,68532189,41.613,"Bangladesh","BGD","SEARO",2023-10-18 00:00:00,151504394,91.994,142193276,86.34,2021-01-27 00:00:00
"0",1293100.0,295.58,5,340466,77.825,"Brunei Darussalam","BRN","WPRO",2023-06-30 00:00:00,451149,103.125,446714,102.111,2021-04-03 00:00:00
"0",4618931.0,66.4,4,833135,12.182,"Bulgaria","BGR","EURO",2023-09-24 00:00:00,2108544,30.831,2080324,30.419,2020-12-30 00:00:00
"0",3342248.0,69.201,2,366221,7.583,"Central African Republic","CAF","AFRO",2023-09-03 00:00:00,2600389,53.841,2484985,51.451,2021-03-19 00:00:00
"0",3.8105906E7,336.428,3,8742146,77.182,"Cuba","CUB","AMRO",2023-06-02 00:00:00,10749013,94.9,10016328,88.432,
"0",260324.0,158.644,3,43138,26.289,"Curaçao","CUW","AMRO",2023-06-02 00:00:00,108601,66.183,100885,61.48,2021-02-24 00:00:00
"0",3.949511E7,223.856,4,7708466,43.691,"Ecuador","ECU","AMRO",2023-02-24 00:00:00,15329151,86.885,14233323,80.674,2021-01-20 00:00:00
"0",2205229.0,165.9,9,487389,36.596,"Estonia","EST","EURO",2023-10-01 00:00:00,845148,63.459,842177,63.236,2020-12-23 00:00:00
"0",6.8856793E7,59.894,4,5978070,5.2,"Ethiopia","ETH","AFRO",2023-05-28 00:00:00,52489512,45.658,43653006,37.971,2021-03-13 00:00:00
"0",1547226.0,172.596,3,172078,19.196,"Fiji","FJI","WPRO",2023-06-29 00:00:00,712025,79.428,641194,71.526,2021-03-07 00:00:00
"0",1444492.0,59.772,2,53741,2.224,"Gambia","GMB","AFRO",2023-03-19 00:00:00,674314,27.903,539186,22.311,2021-03-10 00:00:00
"0",400129.0,100.001,7,89009,22.245,"Guadeloupe","GLP","AMRO",2023-06-02 00:00:00,152113,38.016,146098,36.513,2021-01-08 00:00:00
"0",1.690154E7,170.643,6,4665196,47.101,"Honduras","HND","AMRO",2023-06-02 00:00:00,6485671,65.481,5751048,58.064,2021-02-22 00:00:00
"0",1.2391251E7,249.6,5,3058389,60.442,"Ireland","IRL","EURO",2023-09-17 00:00:00,4108813,83.9,4063151,80.299,2020-12-30 00:00:00
"0",1.0057975E7,98.577,10,682211,6.686,"Jordan","JOR","EMRO",2022-08-21 00:00:00,4821579,47.256,4558313,44.676,2021-01-13 00:00:00
"0",3739158.0,54.417,10,186729,2.718,"Libya","LBY","EMRO",2023-01-16 00:00:00,2316327,33.71,1236102,17.989,2021-04-11 00:00:00
"0",4532726.0,162.2,5,902114,32.149,"Lithuania","LTU","EURO",2023-10-01 00:00:00,1956489,69.878,1907062,67.964,2020-12-23 00:00:00
"0",8503954.0,44.454,2,1232829,6.444,"Malawi","MWI","AFRO",2023-09-24 00:00:00,5433538,28.403,4288014,22.415,2021-03-11 00:00:00
"0",951764.0,176.075,8,167289,30.948,"Maldives","MDV","SEARO",2023-05-25 00:00:00,399308,73.872,385167,71.255,2021-02-01 00:00:00
"0",1280176.0,248.8,4,352640,67.689,"Malta","MLT","EURO",2023-09-03 00:00:00,450535,86.48,444904,85.399,2020-12-23 00:00:00
"0",3.7561429E7,215.8,8,9416761,53.533,"Netherlands","NLD","EURO",2023-10-01 00:00:00,12582081,72.285,11767842,66.898,2020-12-30 00:00:00
"0",7372208.0,30.455,2,11676822,32.38527699530517,"Niger","NER","AFRO",2023-07-30 00:00:00,6248483,25.813,5483001,22.651,2021-03-29 00:00:00
"0",1.6111239E7,83.4,4,1768917,9.289,"Romania","ROU","EURO",2023-09-10 00:00:00,8188146,42.999,8142376,42.759,2021-01-27 00:00:00
"0",73443.0,66.201,5,4279,3.857,"Saint Vincent and the Grenadines","VCT","AMRO",2023-06-02 00:00:00,37532,33.831,31632,28.513,2021-02-01 00:00:00
"0",7222567.0,132.3,7,1686463,31.031,"Slovakia","SVK","EURO",2023-10-01 00:00:00,2840027,52.257,2791711,51.368,2020-12-23 00:00:00
"0",1.09652736E8,242.617,7,30810184,68.17,"Argentina","ARG","AMRO",2022-10-07 00:00:00,41324100,91.434,37840119,83.725,2020-12-29 00:00:00
"0",6.8770769E7,269.691,5,14402265,56.48,"Australia","AUS","WPRO",2023-10-05 00:00:00,22193733,87.035,21602288,84.715,2021-02-21 00:00:00
"0",3476633.0,204.319,11,1008663,59.278,"Bahrain","BHR","EMRO",2022-12-21 00:00:00,1241174,72.943,1226796,72.098,2020-11-04 00:00:00
"0",41453.0,137.094,3,3726,12.323,"British Virgin Islands","VGB","AMRO",2023-06-02 00:00:00,19466,64.378,18261,60.393,2021-02-11 00:00:00
"0",1.12673535E8,110.103,10,15217352,14.87,"Egypt","EGY","EMRO",2023-05-21 00:00:00,56907319,55.609,42337175,41.371,2021-01-24 00:00:00
"0",1.1426688E7,176.169,6,1898202,29.265,"El Salvador","SLV","AMRO",2023-06-02 00:00:00,4656627,71.793,4393762,67.74,2021-02-17 00:00:00
"0",870205.0,75.007,3,179450,15.468,"Eswatini","SWZ","AFRO",2023-06-04 00:00:00,526050,45.343,427335,36.834,2021-03-19 00:00:00
"0",2.1985885E7,205.1,7,5902357,56.429,"Greece","GRC","EURO",2023-10-01 00:00:00,7917288,75.693,7745574,74.051,2020-12-23 00:00:00
"0",352698.0,208.975,3,83603,49.535,"Guam","GUM","WPRO",2023-01-31 00:00:00,135612,80.351,128788,76.308,2021-01-04 00:00:00
"0",2.206773886E9,159.911,8,228815153,16.581,"India","IND","SEARO",2023-10-18 00:00:00,1025830791,74.335,952127942,68.995,2021-01-16 00:00:00
"0",2979624.0,156.2,9,550901,29.37,"Latvia","LVA","EURO",2023-08-13 00:00:00,1344386,71.672,1304787,69.561,2020-12-30 00:00:00
"0",1339097.0,62.509,3,177816,8.3,"Lesotho","LSO","AFRO",2023-03-19 00:00:00,1014073,47.337,938088,43.79,2021-03-10 00:00:00
"0",1337942.0,213.7,8,368526,57.101,"Luxembourg","LUX","EURO",2023-10-01 00:00:00,469286,72.713,462732,71.697,2020-12-30 00:00:00
"0",4619.0,92.398,2,563,11.262,"Montserrat","MSR","AMRO",2023-06-02 00:00:00,2104,42.088,1952,39.048,2021-02-08 00:00:00
"0",1005821.0,39.585,4,298560,11.75,"Namibia","NAM","AFRO",2023-10-22 00:00:00,629680,24.782,550879,21.68,2021-03-19 00:00:00
"0",540974.0,6.046,4,37105,0.415,"Papua New Guinea","PNG","WPRO",2023-11-05 00:00:00,396922,4.436,335728,3.752,2021-03-30 00:00:00
"0",2.7879893E7,270.8,12,7086988,68.46,"Portugal","PRT","EURO",2023-10-01 00:00:00,9822021,95.277,8910340,86.073,2020-12-23 00:00:00
"0",7609178.0,264.111,10,1904822,66.115,"Qatar","QAT","EMRO",2023-05-07 00:00:00,2852178,98.998,2852178,98.998,
"0",6.8534631E7,196.86,10,16059326,46.129,"Saudi Arabia","SAU","EMRO",2023-04-25 00:00:00,27041364,77.674,25433941,73.057,2021-01-06 00:00:00
"0",3176672.0,18.972,3,724754,4.328,"Senegal","SEN","AFRO",2023-10-08 00:00:00,2684696,16.034,1544596,9.225,2021-02-23 00:00:00
"0",66829.0,155.844,3,9146,21.328,"Sint Maarten","SXM","AMRO",2023-06-02 00:00:00,29788,69.465,26773,62.434,2021-02-22 00:00:00
"0",4.1798812E7,70.477,2,4410601,7.437,"South Africa","ZAF","AFRO",2023-09-24 00:00:00,24210953,40.822,21038797,35.473,2021-02-17 00:00:00
"0",4.011659E7,187.345,6,8220002,38.387,"Sri Lanka","LKA","SEARO",2022-10-30 00:00:00,17143761,80.061,14752827,68.896,2021-01-29 00:00:00
"0",2.4922054E7,251.982,11,5138699,51.956,"United Arab Emirates","ARE","EMRO",2022-07-06 00:00:00,9991089,101.018,9792266,99.008,
"0",6.68882018E8,202.078,4,116629517,35.235,"United States of America","USA","AMRO",2023-06-02 00:00:00,267321711,80.761,227948938,68.866,2020-12-14 00:00:00
"0",8.2204584E7,245.6,9,16251340,47.684,"Uzbekistan","UZB","EURO",2023-09-24 00:00:00,22087857,64.809,18445168,54.121,2021-04-28 00:00:00
"0",17303.0,153.859,1,3350,29.788,"Wallis and Futuna","WLF","WPRO",2023-01-23 00:00:00,7150,63.578,6803,60.493,2021-03-19 00:00:00
"0",157072.0,203.3,4,43071,54.497,"Andorra","AND","EURO",2023-09-24 00:00:00,57913,73.276,53501,67.694,2021-01-20 00:00:00
"0",24611.0,164.051,2,3046,20.304,"Anguilla","AIA","AMRO",2023-06-02 00:00:00,10854,72.35,10380,69.191,2021-02-05 00:00:00
"0",366359.0,93.163,4,33717,8.574,"Bahamas","BHS","AMRO",2023-06-02 00:00:00,174810,44.453,166972,42.46,2021-03-14 00:00:00
"0",381721.0,132.83,5,62839,21.867,"Barbados","BRB","AMRO",2023-06-02 00:00:00,163846,57.015,155036,53.949,2021-01-08 00:00:00
"0",2.2511E7,238.2,5,5720777,59.727,"Belarus","BLR","EURO",2023-09-03 00:00:00,6440777,67.244,6356035,66.36,2021-02-03 00:00:00
"0",510770.0,128.454,5,50238,12.634,"Belize","BLZ","AMRO",2023-06-02 00:00:00,258456,64.999,221408,55.682,2021-03-01 00:00:00
"0",4232541.0,34.913,5,11676822,32.38527699530517,"Benin","BEN","AFRO",2022-12-18 00:00:00,3697190,30.497,2742837,22.625,2021-03-29 00:00:00
"0",132042.0,212.037,3,31829,51.112,"Bermuda","BMU","AMRO",2023-06-02 00:00:00,48554,77.97,47657,76.529,2021-01-11 00:00:00
"0",1.601629E7,137.208,7,2487668,21.311,"Bolivia (Plurinational State of)","BOL","AMRO",2023-06-02 00:00:00,7492606,64.187,6295624,53.933,2021-01-30 00:00:00
"1",35845.0,137.934,2,11676822,32.38527699530517,"Bonaire, Sint Eustatius and Saba","BES","AMRO",2021-09-01 00:00:00,19109,73.533,16736,64.401,
"0",3171667.0,134.871,6,507654,21.587,"Botswana","BWA","AFRO",2023-05-07 00:00:00,1951054,82.966,1663490,70.738,2021-03-26 00:00:00
"0",4.7723729E7,285.447,7,10762713,64.374,"Cambodia","KHM","WPRO",2023-11-07 00:00:00,15311319,91.581,14688007,87.852,2021-02-10 00:00:00
"0",4880572.0,18.385,4,803560,3.027,"Cameroon","CMR","AFRO",2023-10-15 00:00:00,3753733,14.141,3197286,12.044,2021-04-12 00:00:00
"0",9.7596974E7,258.589,6,19776324,52.399,"Canada","CAN","AMRO",2023-06-02 00:00:00,32645232,86.495,31311576,82.962,2020-12-14 00:00:00
"0",8971575.0,54.619,1,4042573,24.611,"Chad","TCD","AFRO",2023-09-10 00:00:00,5067129,30.848,4939822,30.073,2021-06-04 00:00:00
"0",5435966.0,134.0,6,996098,25.79,"Croatia","HRV","EURO",2023-10-01 00:00:00,2320278,60.111,2246622,58.168,2020-12-23 00:00:00
"0",493692.0,175.749,2,102317,36.424,"French Polynesia","PYF","WPRO",2023-07-17 00:00:00,195688,69.663,195688,69.663,2021-01-18 00:00:00
"0",2739270.0,68.7,4,251191,6.684,"Georgia","GEO","EURO",2023-05-28 00:00:00,1300867,34.616,1187212,31.592,2021-03-17 00:00:00
"0",90686.0,80.593,5,7411,6.586,"Grenada","GRD","AMRO",2023-06-02 00:00:00,44241,39.317,39034,34.69,2021-02-15 00:00:00
"0",4.48192472E8,163.859,7,69356250,25.357,"Indonesia","IDN","SEARO",2023-10-18 00:00:00,203877425,74.537,174958797,63.965,2021-01-13 00:00:00
"0",1.55445801E8,185.07,12,28576234,34.022,"Iran (Islamic Republic of)","IRN","EMRO",2023-08-15 00:00:00,65194977,77.62,58582625,69.747,2021-02-09 00:00:00
"0",2.3750431E7,44.169,5,2000636,3.721,"Kenya","KEN","AFRO",2023-04-02 00:00:00,14494372,26.956,11090440,20.625,2021-03-05 00:00:00
"0",1836901.0,157.5280892857143,2,105624,5.927,"Kosovo","XKX","EURO",2023-01-15 00:00:00,904558,50.758,824752,46.279,2021-03-31 00:00:00
"0",4460668.0,88.196,1,1987,0.039,"Liberia","LBR","AFRO",2022-12-11 00:00:00,3903802,77.186,3730967,73.768,2021-04-01 00:00:00
"0",3092063.0,11.166,3,169187,0.611,"Madagascar","MDG","AFRO",2023-07-30 00:00:00,2710365,9.788,2628849,9.494,2021-05-10 00:00:00
"0",4075704.0,87.656,2,383885,8.256,"Mauritania","MRT","AFRO",2023-08-20 00:00:00,2103721,45.245,1540533,33.132,2021-03-26 00:00:00
"0",6.2608595E7,214.878,8,10256291,35.2,"Nepal","NPL","SEARO",2023-10-17 00:00:00,27882327,95.695,24469977,83.983,2021-01-27 00:00:00
"0",612700.0,89.2,4,27896,4.061,"Solomon Islands","SLB","WPRO",2023-07-04 00:00:00,335796,48.887,254016,36.981,2021-03-23 00:00:00
"0",2.2598737E7,51.537,11,3891363,8.874,"Sudan","SDN","EMRO",2023-04-02 00:00:00,15207452,34.681,13416394,30.597,2021-03-09 00:00:00
"0",204737.0,193.705,2,38588,36.509,"Tonga","TON","WPRO",2023-06-30 00:00:00,87375,82.667,77390,73.22,2021-04-14 00:00:00
"0",3.9392419E7,65.946,3,11676822,32.38527699530517,"United Republic of Tanzania","TZA","AFRO",2023-03-12 00:00:00,34434933,57.647,32165791,53.848,2021-07-28 00:00:00
"0",9023199.0,259.755,3,2079949,59.877,"Uruguay","URY","AMRO",2023-06-02 00:00:00,3009801,86.645,2902437,83.554,2021-02-27 00:00:00
"0",3.7860994E7,133.145,6,651502,2.291,"Venezuela (Bolivarian Republic of)","VEN","AMRO",2023-06-02 00:00:00,22157232,77.92,14287370,50.244,2021-02-22 00:00:00
"0",1.5267442E7,34.817,4,575651,1.313,"Algeria","DZA","AFRO",2022-09-04 00:00:00,7840131,17.879,6481186,14.78,2021-01-30 00:00:00
"0",2.7639026E7,84.095,1,2985931,9.085,"Angola","AGO","AFRO",2023-10-22 00:00:00,16490814,50.175,9574047,29.13,2021-03-10 00:00:00
"0",2256919.0,76.2,10,81354,2.915,"Armenia","ARM","EURO",2023-10-01 00:00:00,1150915,41.237,1030758,36.932,2021-01-27 00:00:00
"0",216974.0,203.224,2,35659,33.399,"Aruba","ABW","AMRO",2023-06-02 00:00:00,90449,84.717,84297,78.955,2021-02-17 00:00:00
"0",5.13329718E8,241.499,5,110382337,51.93,"Brazil","BRA","AMRO",2023-06-02 00:00:00,188746389,88.797,171459392,80.664,2021-01-17 00:00:00
"0",7893609.0,37.763,3,4056,0.019,"Burkina Faso","BFA","AFRO",2023-07-23 00:00:00,6089089,29.13,5232347,25.031,2021-06-02 00:00:00
"0",1.3371989E7,262.499,3,2957974,58.066,"Costa Rica","CRI","AMRO",2023-06-02 00:00:00,4641899,91.123,4358863,85.567,2020-12-24 00:00:00
"0",67647.0,93.966,5,3993,5.547,"Dominica","DMA","AMRO",2023-06-02 00:00:00,32995,45.832,30659,42.587,2021-02-12 00:00:00
"0",1.3265058E7,240.1,5,3088731,55.67,"Finland","FIN","EURO",2023-10-01 00:00:00,4547671,81.966,4365148,78.676,2020-12-23 00:00:00
"0",242193.0,81.087,3,46331,15.512,"French Guiana","GUF","AMRO",2023-06-02 00:00:00,100299,33.581,90464,30.288,2021-01-13 00:00:00
"0",572672.0,25.73,3,2592,0.116,"Gabon","GAB","AFRO",2023-02-05 00:00:00,311244,13.984,257471,11.568,2021-03-23 00:00:00
"0",664150.0,5.825,2,11676822,32.38527699530517,"Haiti","HTI","AMRO",2023-06-02 00:00:00,521396,4.573,350403,3.073,
"0",869976.0,238.9,5,254556,67.656,"Iceland","ISL","EURO",2023-04-16 00:00:00,307269,81.685,297921,79.182,2020-12-30 00:00:00
"1",266953.0,247.646,3,73662,68.335,"Jersey","JEY","EURO",2023-01-29 00:00:00,84365,78.264,81882,75.96,
"0",5814699.0,85.192,10,660249,9.673,"Lebanon","LBN","EMRO",2022-12-22 00:00:00,2740227,40.147,2414223,35.371,2021-02-14 00:00:00
"0",7.2653181E7,224.474,8,16348342,50.511,"Malaysia","MYS","WPRO",2023-10-26 00:00:00,28140956,86.946,27554035,85.133,2021-02-24 00:00:00
"0",110742.0,187.083,3,18559,31.353,"Marshall Islands","MHL","WPRO",2023-03-24 00:00:00,47077,79.53,40689,68.738,2020-12-29 00:00:00
"0",9.3477104E7,171.802,2,15987381,29.383,"Myanmar","MMR","SEARO",2023-08-21 00:00:00,41551927,76.368,35937796,66.05,2021-01-27 00:00:00
"0",7086050.0,138.762,11,779859,15.272,"Oman","OMN","EMRO",2022-10-25 00:00:00,3257365,63.787,3048826,59.703,2020-12-29 00:00:00
"0",3.40957E8,154.354,11,53135231,24.055,"Pakistan","PAK","EMRO",2023-11-07 00:00:00,165567890,74.954,140475871,63.595,2021-02-03 00:00:00
"0",2291436.0,157.5280892857143,7,404774,13.221,"Republic of Moldova","MDA","EURO",2023-10-01 00:00:00,1109270,36.233,1078813,35.238,2021-03-03 00:00:00
"0",64297.0,120.877,3,3465,6.514,"Saint Kitts and Nevis","KNA","AMRO",2023-06-02 00:00:00,33794,63.532,27000,50.76,2021-02-22 00:00:00
"0",2993446.0,142.8,8,646504,30.681,"Slovenia","SVN","EURO",2023-10-01 00:00:00,1217608,57.784,1187389,56.35,2020-12-23 00:00:00
"0",1.0555834E7,66.417,11,28134,0.177,"Somalia","SOM","EMRO",2023-07-25 00:00:00,8972167,56.453,7666835,48.24,2021-03-16 00:00:00
"0",3412326.0,41.218,1,427804,5.168,"Togo","TGO","AFRO",2023-09-03 00:00:00,2251640,27.198,1554066,18.772,2021-03-10 00:00:00
"0",6342.0,469.778,1,968,71.704,"Tokelau","TKL","WPRO",2022-12-05 00:00:00,2203,163.185,2203,163.185,2021-07-20 00:00:00
"0",1.3253317E7,112.139,10,1258577,10.649,"Tunisia","TUN","EMRO",2023-06-20 00:00:00,7218871,61.08,6401841,54.167,2021-03-13 00:00:00
"0",355430.0,115.721,3,16556,5.39,"Vanuatu","VUT","WPRO",2023-02-20 00:00:00,176624,57.505,162250,52.825,2021-06-02 00:00:00
"0",1.3615707E7,74.063,3,1414619,7.695,"Zambia","ZMB","AFRO",2023-06-25 00:00:00,11711565,63.705,9155551,49.802,2021-04-14 00:00:00
"0",1.3935112E7,93.758,4,2292724,15.426,"Zimbabwe","ZWE","AFRO",2023-10-22 00:00:00,7497229,50.442,5656254,38.056,2021-02-18 00:00:00
"0",480497.0,168.301,2,103325,36.191,"New Caledonia","NCL","WPRO",2023-04-03 00:00:00,192371,67.381,184801,64.729,2021-01-20 00:00:00
"0",1.32212099E8,64.137,1,16647746,8.076,"Nigeria","NGA","AFRO",2023-10-01 00:00:00,93176851,45.201,80645277,39.122,2021-03-05 00:00:00
"0",4923.0,304.265,1,1225,75.711,"Niue","NIU","WPRO",2023-03-04 00:00:00,1638,101.236,1635,101.051,2021-06-08 00:00:00
"0",3748571.0,73.481,10,336967,6.605,"occupied Palestinian territory","PSE","EMRO",2022-10-18 00:00:00,2012767,39.455,1776973,34.833,2021-02-02 00:00:00
"0",4979.0,257.579,5,1170,60.528,"Saba","XCA","AMRO",2023-06-02 00:00:00,1687,87.274,1667,86.239,
"0",69338.0,204.3,2,19348,57.335,"San Marino","SMR","EURO",2022-05-22 00:00:00,26357,78.105,23633,70.033,2021-02-24 00:00:00
"0",4365547.0,39.0,2,513122,4.584,"South Sudan","SSD","AFRO",2023-10-01 00:00:00,4315127,38.55,4273253,38.175,2021-04-06 00:00:00
"0",2.0525784E7,215.2,8,5280117,54.155,"Tajikistan","TJK","EURO",2023-06-04 00:00:00,5328277,54.649,5191919,53.25,2021-03-24 00:00:00
"0",73907.0,190.885,1,7443,19.224,"Turks and Caicos Islands","TCA","AMRO",2023-06-02 00:00:00,32815,84.754,30710,79.317,2021-01-11 00:00:00
"0",136512.0,139.399,6,9838,10.046,"Antigua and Barbuda","ATG","AMRO",2023-06-02 00:00:00,64290,65.65,62384,63.703,2021-03-01 00:00:00
"0",43070.0,205.929,5,8125,38.848,"Bonaire","XAA","AMRO",2023-06-02 00:00:00,17460,83.481,16189,77.404,
"0",9.0506612E7,177.872,5,14792792,29.072,"Colombia","COL","AMRO",2023-06-02 00:00:00,43012174,84.532,37019801,72.755,2021-02-17 00:00:00
"0",835021.0,96.023,3,11676822,32.38527699530517,"Comoros","COM","AFRO",2022-10-02 00:00:00,438825,50.463,397080,45.662,2021-04-10 00:00:00
"0",1858992.0,209.3,5,487409,53.875,"Cyprus","CYP","EURO",2023-09-17 00:00:00,669230,73.979,656139,72.525,2020-12-23 00:00:00
"0",1.8808671E7,21.001,1,11676822,32.38527699530517,"Democratic Republic of the Congo","COD","AFRO",2023-06-04 00:00:00,17045721,19.032,14399520,16.078,2021-04-19 00:00:00
"0",488738.0,34.836,2,4597,0.328,"Equatorial Guinea","GNQ","AFRO",2022-07-24 00:00:00,270109,19.252,214032,15.255,2021-02-12 00:00:00
"0",5.9362293561403506E7,157.5280892857143,5,11676822,32.38527699530517,"Eritrea","ERI","AFRO",2022-07-03 00:00:00,0,0.0,0,0.0,
"0",2.5624828E7,82.467,2,4806017,15.467,"Ghana","GHA","AFRO",2023-07-02 00:00:00,13864186,44.618,10780003,34.693,2021-03-02 00:00:00
"0",1.9557364E7,48.623,10,275280,0.684,"Iraq","IRQ","EMRO",2023-01-02 00:00:00,11332925,28.176,7944775,19.752,2021-03-02 00:00:00
"1",189994.0,223.438,3,53328,62.715,"Isle of Man","IMN","EURO",2022-06-23 00:00:00,69560,81.804,67106,78.919,
"0",1525895.0,51.53,6,45995,1.553,"Jamaica","JAM","AMRO",2023-06-02 00:00:00,858035,28.976,758800,25.625,2021-03-10 00:00:00
"0",71104.0,183.5,3,18310,47.255,"Liechtenstein","LIE","OTHER",2022-04-10 00:00:00,26681,68.86,26346,67.995,2021-01-06 00:00:00
"0",5922585.0,29.246,1,11676822,32.38527699530517,"Mali","MLI","AFRO",2023-05-14 00:00:00,4354292,21.502,3633589,17.943,2021-03-31 00:00:00
"0",401816.0,107.075,2,92919,24.761,"Martinique","MTQ","AMRO",2023-06-02 00:00:00,150795,40.184,145536,38.782,
"0",2.22226293E8,172.358,8,57014052,44.22,"Mexico","MEX","AMRO",2023-06-02 00:00:00,96727823,75.022,81346379,63.092,2020-12-24 00:00:00
"0",71027.0,181.0,7,17806,48.536,"Monaco","MCO","EURO",2022-12-04 00:00:00,25319,69.015,24933,67.963,2021-06-30 00:00:00
"0",523735.0,83.4,5,0,0.0,"Montenegro","MNE","EURO",2022-12-04 00:00:00,272152,43.346,251583,40.07,2021-02-24 00:00:00
"0",5.5389602E7,150.064,10,6884356,18.651,"Morocco","MAR","EMRO",2023-05-14 00:00:00,25020168,67.786,23521989,63.727,2021-01-28 00:00:00
"0",3.4950858E7,111.823,3,2323562,7.434,"Mozambique","MOZ","AFRO",2023-07-02 00:00:00,22869646,73.17,21329745,68.243,2021-03-08 00:00:00
"0",123536.0,214.632,3,26121,45.383,"Northern Mariana Islands (Commonwealth of the)","MNP","WPRO",2023-05-30 00:00:00,46824,81.352,45953,79.839,2020-12-19 00:00:00
"0",1.2335349E7,229.8,4,3020434,55.673,"Norway","NOR","EURO",2023-09-03 00:00:00,4346149,80.109,4061312,74.859,2020-12-23 00:00:00
"0",8901881.0,206.312,2,1769698,41.015,"Panama","PAN","AMRO",2023-06-02 00:00:00,3533579,81.895,3174229,73.567,2021-01-20 00:00:00
"0",8.9593907E7,271.728,4,22143074,67.158,"Peru","PER","AMRO",2023-06-02 00:00:00,30487563,92.465,28654963,86.907,2021-02-09 00:00:00
"0",5.824057E7,153.4,5,12534539,33.289,"Poland","POL","EURO",2023-10-01 00:00:00,22984543,61.041,22705868,60.301,2020-12-23 00:00:00
"0",7846764.0,274.281,4,1808780,63.225,"Puerto Rico","PRI","AMRO",2023-06-02 00:00:00,2905470,101.56,2688410,93.972,
"0",263863.0,120.398,2,34624,15.799,"Sao Tome and Principe","STP","AFRO",2023-07-30 00:00:00,140256,63.997,111986,51.098,2021-03-15 00:00:00
"0",554588.0,94.538,5,48889,8.334,"Suriname","SUR","AMRO",2023-06-02 00:00:00,267820,45.654,237879,40.55,2021-02-23 00:00:00
"0",1.382936E7,136.4,5,3504588,33.982,"Azerbaijan","AZE","EURO",2023-09-24 00:00:00,5436662,52.717,4888112,47.398,2021-01-20 00:00:00
"0",2.9120974E7,252.7,5,7245372,62.365,"Belgium","BEL","EURO",2023-09-03 00:00:00,9255132,79.665,9158814,78.836,2020-12-30 00:00:00
"0",2011426.0,260.68,5,634641,82.249,"Bhutan","BTN","SEARO",2022-10-30 00:00:00,699116,90.605,677669,87.826,2021-03-27 00:00:00
"0",1924950.0,157.5280892857143,4,11676822,32.38527699530517,"Bosnia and Herzegovina","BIH","EURO",2022-01-29 00:00:00,943394,28.842,846080,25.867,
"0",3.516880717E9,239.034,8,834060133,56.689,"China","CHN","WPRO",2023-04-20 00:00:00,1318026807,89.583,1284479582,87.303,2020-07-22 00:00:00
"0",40080.0,228.194,1,10240,58.301,"Cook Islands","COK","WPRO",2023-01-31 00:00:00,15112,86.04,14728,83.853,2021-05-17 00:00:00
"0",1.8618084E7,174.1,9,4366166,41.516,"Czechia","CZE","EURO",2023-10-01 00:00:00,6972320,66.298,6887986,65.496,2020-12-23 00:00:00
"0",442199.0,44.757,11,11676822,32.38527699530517,"Djibouti","DJI","EMRO",2023-10-08 00:00:00,421573,42.669,401208,40.608,2021-03-15 00:00:00
"0",1.5972891E7,147.244,5,2554266,23.546,"Dominican Republic","DOM","AMRO",2023-06-02 00:00:00,7322815,67.504,6095810,56.193,2021-02-16 00:00:00
"0",1.93241457E8,232.4,9,52143826,62.645,"Germany","DEU","EURO",2023-09-03 00:00:00,64868618,77.932,63566137,76.368,2020-12-23 00:00:00
"1",132810.0,394.2,2,49170,145.944,"Gibraltar","GIB","EURO",2022-12-16 00:00:00,42175,125.182,41465,123.074,
"0",2.0370595E7,113.703,5,3719543,20.762,"Guatemala","GTM","AMRO",2023-06-02 00:00:00,8935137,49.874,7127944,39.786,2021-02-25 00:00:00
"0",1.7915305E7,207.0,3,4474108,50.271,"Israel","ISR","EURO",2022-06-05 00:00:00,7055466,79.274,6385731,71.749,2020-12-16 00:00:00
"0",3.8355605E7,204.3,5,6801526,35.431,"Kazakhstan","KAZ","EURO",2023-04-30 00:00:00,12443364,64.821,13070774,68.089,2021-04-07 00:00:00
"0",8261171.0,193.444,10,1457545,34.13,"Kuwait","KWT","EMRO",2023-11-07 00:00:00,3457475,80.96,3346151,78.354,2020-12-28 00:00:00
"0",1.387941E7,190.768,8,2451034,33.689,"Lao People's Democratic Republic","LAO","WPRO",2023-05-21 00:00:00,6324678,86.93,5691962,78.234,2020-11-25 00:00:00
"0",198749.0,172.791,4,30537,26.549,"Micronesia (Federated States of)","FSM","WPRO",2023-03-28 00:00:00,83871,72.917,80910,70.342,2021-01-13 00:00:00
"0",2.7322059E7,210.945,7,4225194,32.621,"Rwanda","RWA","AFRO",2023-06-04 00:00:00,10884714,84.037,10399665,80.293,2021-03-05 00:00:00
"1",7892.0,129.995,1,11676822,32.38527699530517,"Saint Helena, Ascension and Tristan da Cunha","SHN","AFRO",2021-05-05 00:00:00,4361,71.833,3531,58.162,
"0",122977.0,66.971,5,7866,4.284,"Saint Lucia","LCA","AMRO",2023-06-02 00:00:00,60140,32.751,54971,29.936,2021-02-17 00:00:00
"0",6722671.0,97.1,5,0,0.0,"Serbia","SRB","EURO",2023-03-05 00:00:00,3398116,46.57,3324555,45.562,2020-12-23 00:00:00
"0",2.3237123E7,225.0,5,5542831,53.03,"Sweden","SWE","EURO",2023-10-01 00:00:00,7473037,71.496,7334822,70.174,2020-12-23 00:00:00
"0",26783.0,227.129,1,5745,48.719,"Tuvalu","TUV","WPRO",2023-02-01 00:00:00,9763,82.793,9505,80.605,2021-04-13 00:00:00
"0",1.39343323E8,199.632,8,27481023,39.371,"Thailand","THA","SEARO",2023-09-01 00:00:00,57666184,82.616,54196116,77.645,2021-02-28 00:00:00
"0",1.5124882E8,222.8,3,11676822,32.38527699530517,"The United Kingdom","GBR","EURO",2022-09-11 00:00:00,53813491,79.983,50762968,75.449,2020-12-21 00:00:00
"0",1.39694693E8,157.5280892857143,3,27896331,32.906,"Turkey","TUR","EURO",2023-01-29 00:00:00,50974980,60.735,50670345,59.77,
"0",2.2207574E7,57.047,11,2506382,6.438,"Afghanistan","AFG","EMRO",2023-11-07 00:00:00,18618143,47.827,17836792,45.82,2021-02-22 00:00:00
"0",41426.0,0.348,1,314,0.003,"Burundi","BDI","AFRO",2023-08-27 00:00:00,36909,0.31,36321,0.305,2021-10-18 00:00:00
"0",859940.0,154.669,4,749,0.135,"Cabo Verde","CPV","AFRO",2022-09-25 00:00:00,356734,64.162,308720,55.526,2021-03-18 00:00:00
"0",151822.0,231.013,1,24064,36.616,"Cayman Islands","CYM","AMRO",2023-06-02 00:00:00,62085,94.469,60664,92.307,2021-01-15 00:00:00
"0",9390.0,269.595,1,2543,73.012,"Falkland Islands (Malvinas)","FLK","AMRO",2022-06-21 00:00:00,3220,92.449,2976,85.444,
"1",103894.0,212.614,2,21284,43.557,"Faroe Islands","FRO","EURO",2022-02-18 00:00:00,41715,85.368,40895,83.69,
"0",1.58060078E8,234.8,9,41042160,60.47,"France","FRA","EURO",2023-07-09 00:00:00,54677676,80.56,53189148,78.367,2020-12-23 00:00:00
"0",1.50322633E8,252.0,9,44917500,76.092,"Italy","ITA","EURO",2023-10-01 00:00:00,50581361,85.692,49484658,83.829,2020-12-23 00:00:00
"0",219980.0,184.162,2,37606,31.483,"Kiribati","KIR","WPRO",2023-02-06 00:00:00,100900,84.471,81474,68.208,2021-05-26 00:00:00
"0",32157.0,296.816,2,7705,71.119,"Nauru","NRU","WPRO",2023-02-20 00:00:00,13106,120.971,11346,104.726,2021-04-09 00:00:00
"0",1.2252378E7,254.081,4,2719283,56.391,"New Zealand","NZL","WPRO",2023-04-21 00:00:00,4241210,87.951,4084115,84.693,2021-02-19 00:00:00
"0",1.5498213E7,233.951,11,2892531,43.664,"Nicaragua","NIC","AMRO",2023-06-02 00:00:00,6404524,96.679,6117158,92.341,2021-03-03 00:00:00
"0",51032.0,282.069,3,12885,71.219,"Palau","PLW","WPRO",2023-03-10 00:00:00,18573,102.659,18278,101.028,2021-01-03 00:00:00
"0",9784169.0,137.177,8,1660692,23.283,"Paraguay","PRY","AMRO",2023-06-02 00:00:00,3995915,56.024,3547736,49.74,2021-02-22 00:00:00
"0",1.89317158E8,172.764,11,23811248,21.729,"Philippines","PHL","WPRO",2023-03-19 00:00:00,82684774,75.455,78443972,71.585,2021-03-01 00:00:00
"0",117.0,234.0,1,23,46.0,"Pitcairn Islands","PCN","WPRO",2022-08-29 00:00:00,47,94.0,47,94.0,2021-05-17 00:00:00
"0",1.35927574E8,265.125,5,33644119,65.622,"Republic of Korea","KOR","WPRO",2023-09-04 00:00:00,44698288,87.184,44288342,86.384,2021-02-26 00:00:00
"1",1.87374508E8,128.4,2,11676822,32.38527699530517,"Russian Federation","RUS","EURO",2023-09-27 00:00:00,89081596,61.392,79702396,54.928,
"0",453130.0,228.376,2,82268,41.463,"Samoa","WSM","WPRO",2023-02-24 00:00:00,191403,96.466,177954,89.688,2021-04-18 00:00:00
"0",9155936.0,114.779,2,1201709,15.065,"Sierra Leone","SLE","AFRO",2023-07-30 00:00:00,5676123,71.156,4961886,62.203,2021-03-15 00:00:00
"0",1.530253E7,261.566,4,4769158,81.519,"Singapore","SGP","WPRO",2023-08-29 00:00:00,5284679,90.331,5248693,89.716,2020-12-30 00:00:00
"0",4319.0,137.592,5,767,24.435,"Sint Eustatius","XBA","AMRO",2023-06-02 00:00:00,1791,57.056,1686,53.711,
"0",1.12886307E8,238.5,4,26573833,56.024,"Spain","ESP","EURO",2023-09-03 00:00:00,41332084,87.138,37485721,79.029,2020-12-30 00:00:00
"0",1.6755985E7,193.6,6,4996650,57.49,"Switzerland","CHE","EURO",2023-07-02 00:00:00,6096600,70.145,5723066,65.847,2020-12-23 00:00:00
"0",5090630.0,29.088,11,75881,0.434,"Syrian Arab Republic","SYR","EMRO",2023-04-18 00:00:00,3295630,18.831,2358365,13.476,2021-04-01 00:00:00
"0",2025301.0,153.613,4,338087,25.643,"Timor-Leste","TLS","SEARO",2023-10-18 00:00:00,886195,67.215,801019,60.755,2021-04-07 00:00:00
"0",2.66492149E8,273.779,6,57975220,59.56,"Viet Nam","VNM","WPRO",2023-06-30 00:00:00,90272853,92.741,85961564,88.312,2021-03-08 00:00:00
